{"data_min": [1.0, 2.0], "data_max": [4.0, 5.0], "scale": [0.3333333333333333, 0.3333333333333333]}